Metric,Overall,MeanByCase,StdByCase
MAE,11692.503891748203,12267.932651556333,23066.261967985
MAPE,13.38376581633989,13.80470512776299,11.505919419330736
RMSE,137427.17365687888,69464.65202589314,134523.18216020797
R2,0.8584570560387202,0.7505695350655551,1.16161420681565
